echo_id,kind,gid,date,in_kzt,out_kzt,lag_days,n_sources,n_targets,sources,targets,match,score,evidence
ECH-001,relay,100000005171642100,2026-07-22,652000.0,652000.0,0,1,1,100000004221668100,100000004221668100,exact,1.0,"received 652,000 KZT on 2026-07-22 from …1668100 and sent 652,000 KZT the same day back to …1668100 (exact)"
ECH-002,relay,100000000791285100,2026-07-30,560000.0,560000.0,0,1,1,100000008461532100,100000008461532100,exact,0.8871,"received 560,000 KZT on 2026-07-30 from …1532100 and sent 560,000 KZT the same day back to …1532100 (exact)"
ECH-003,relay,100000007629096100,2026-07-30,500000.0,500000.0,1,1,1,100000007639767100,100000002741024100,exact,0.8135,"received 500,000 KZT on 2026-07-30 from …9767100 and sent 500,000 KZT the next day to …1024100 (exact)"
ECH-004,relay,100000008723830100,2026-07-16,454000.0,455000.0,1,1,1,100000003016635100,100000005614315100,within_2pct,0.7363,"received 454,000 KZT on 2026-07-16 from …6635100 and sent 455,000 KZT the next day to …4315100 (within 2%)"
ECH-005,split,100000005933757100,2026-07-08,420000.0,421137.0,1,1,6,100000002963189100,100000002633108100 100000002748532100 100000002951898100 100000003111305100 100000004159526100 100000004500444100,within_2pct,0.6897,"received 420,000 KZT on 2026-07-08 from …3189100 and sent 421,137 KZT in 6 transfers over 2026-07-08..2026-07-09 to 6 accounts (within 2%)"
ECH-006,relay,100000002224132100,2026-07-16,510000.0,500000.0,0,1,1,100000005664922100,100000000552584100,within_2pct,0.6174,"received 510,000 KZT on 2026-07-16 from …4922100 and sent 500,000 KZT the same day to …2584100 (within 2%)"
ECH-007,relay,100000002032323100,2026-07-14,300000.0,300000.0,0,1,1,100000008603331100,100000002671326100,exact,0.5681,"received 300,000 KZT on 2026-07-14 from …3331100 and sent 300,000 KZT the same day to …1326100 (exact)"
ECH-008,relay,100000002989353100,2026-07-21,300000.0,300000.0,0,1,1,100000005242320100,100000001311175100,exact,0.5681,"received 300,000 KZT on 2026-07-21 from …2320100 and sent 300,000 KZT the same day to …1175100 (exact)"
ECH-009,relay,100000003115284100,2026-07-19,300000.0,300000.0,0,1,1,100000000331309100,100000003360542100,exact,0.5681,"received 300,000 KZT on 2026-07-19 from …1309100 and sent 300,000 KZT the same day to …0542100 (exact)"
ECH-010,fan_split,100000008465789100,2026-07-17,0.0,300000.0,0,0,3,,100000002878467100 100000003134550100 100000005667841100,exact,0.5681,"sent 100,000 KZT each to 3 distinct accounts on 2026-07-17, 300,000 KZT in total (exact)"
ECH-011,split,100000003684369100,2026-07-23,248000.0,247813.0,1,1,2,100000008748914100,100000001554432100 100000005074393100,within_2pct,0.4965,"received 248,000 KZT on 2026-07-23 from …8914100 and sent 247,813 KZT in 2 transfers over 2026-07-23..2026-07-24 to 2 accounts (within 2%)"
ECH-012,relay,100000001732159100,2026-07-13,318000.0,315000.0,0,1,1,100000008637537100,100000003404627100,within_2pct,0.4922,"received 318,000 KZT on 2026-07-13 from …7537100 and sent 315,000 KZT the same day to …4627100 (within 2%)"
ECH-013,split,100000004156082100,2026-07-29,273866.11,275707.0,1,1,2,100000004527381100,100000000076451100 100000002956898100,within_2pct,0.4711,"received 273,866 KZT on 2026-07-29 from …7381100 and sent 275,707 KZT in 2 transfers over 2026-07-29..2026-07-30 to 2 accounts (within 2%)"
ECH-014,split,100000000331309100,2026-07-23,242000.0,240970.0,0,1,2,100000008748914100,100000004450649100 100000004917367100,within_2pct,0.4531,"received 242,000 KZT on 2026-07-23 from …8914100 and sent 240,970 KZT in 2 transfers over 2026-07-23 to 2 accounts (within 2%)"
ECH-015,relay,100000003016438100,2026-07-17,200000.0,200000.0,0,1,1,100000008466579100,100000004006327100,exact,0.4454,"received 200,000 KZT on 2026-07-17 from …6579100 and sent 200,000 KZT the same day to …6327100 (exact)"
ECH-016,relay,100000003684369100,2026-07-26,200000.0,200000.0,0,1,1,100000003299365100,100000003299365100,exact,0.4454,"received 200,000 KZT on 2026-07-26 from …9365100 and sent 200,000 KZT the same day back to …9365100 (exact)"
ECH-017,relay,100000004979498100,2026-07-10,200000.0,200000.0,0,1,1,100000004135268100,100000008571433100,exact,0.4454,"received 200,000 KZT on 2026-07-10 from …5268100 and sent 200,000 KZT the same day to …1433100 (exact)"
ECH-018,split,100000003684369100,2026-07-24,257000.0,258990.0,1,1,2,100000008748914100,100000002957306100 100000005079754100,within_2pct,0.4403,"received 257,000 KZT on 2026-07-24 from …8914100 and sent 258,990 KZT in 2 transfers over 2026-07-24..2026-07-25 to 2 accounts (within 2%)"
ECH-019,split,100000002578405100,2026-07-13,198256.0,198100.0,1,1,3,100000005041905100,100000002305007100 100000008712827100 100000008712991100,within_2pct,0.4352,"received 198,256 KZT on 2026-07-13 from …1905100 and sent 198,100 KZT in 3 transfers over 2026-07-13..2026-07-14 to 3 accounts (within 2%)"
ECH-020,relay,100000000201868100,2026-07-03,190000.0,190000.0,1,1,1,100000006069103100,100000006069103100,exact,0.4331,"received 190,000 KZT on 2026-07-03 from …9103100 and sent 190,000 KZT the next day back to …9103100 (exact)"
ECH-021,split,100000002224132100,2026-07-27,247720.0,250000.0,0,1,1,100000003835149100,100000000594783100,within_2pct,0.4147,"received 247,720 KZT on 2026-07-27 from …5149100 and sent 250,000 KZT in 2 transfers over 2026-07-27 to 1 accounts (within 2%)"
ECH-022,relay,100000002921047100,2026-07-27,163000.0,163000.02,0,1,1,100000008489922100,100000002635780100,exact,0.4,"received 163,000 KZT on 2026-07-27 from …9922100 and sent 163,000 KZT the same day to …5780100 (exact)"
ECH-023,split,100000002578405100,2026-07-28,200000.0,201550.0,1,1,4,100000005041905100,100000001697501100 100000007303047100 100000008769097100 100000008772246100,within_2pct,0.3698,"received 200,000 KZT on 2026-07-28 from …1905100 and sent 201,550 KZT in 4 transfers over 2026-07-28..2026-07-29 to 4 accounts (within 2%)"
ECH-024,relay,100000003684369100,2026-07-23,164000.0,164612.0,1,1,1,100000008748914100,100000002621949100,within_2pct,0.3647,"received 164,000 KZT on 2026-07-23 from …8914100 and sent 164,612 KZT the next day to …1949100 (within 2%)"
ECH-025,split,100000007594394100,2026-07-17,130000.0,130000.0,0,1,1,100000004400305100,100000006274203100,exact,0.3595,"received 130,000 KZT on 2026-07-17 from …0305100 and sent 130,000 KZT in 2 transfers over 2026-07-17 to 1 accounts (exact)"
ECH-026,relay,100000007629096100,2026-07-14,118000.0,118000.0,0,1,1,100000008304139100,100000002741024100,exact,0.3448,"received 118,000 KZT on 2026-07-14 from …4139100 and sent 118,000 KZT the same day to …1024100 (exact)"
ECH-027,split,100000008748408100,2026-07-28,110000.0,110000.0,1,1,2,100000007982728100,100000002870463100 100000008765627100,exact,0.335,"received 110,000 KZT on 2026-07-28 from …2728100 and sent 110,000 KZT in 2 transfers over 2026-07-28..2026-07-29 to 2 accounts (exact)"
ECH-028,split,100000007390016100,2026-07-03,105000.0,105000.0,1,1,1,100000008324800100,100000008324800100,exact,0.3288,"received 105,000 KZT on 2026-07-03 from …4800100 and sent 105,000 KZT in 2 transfers over 2026-07-03..2026-07-04 to 1 accounts (exact)"
ECH-029,split,100000003684369100,2026-07-16,120000.0,120250.0,1,1,2,100000003880331100,100000001746925100 100000008438656100,within_2pct,0.3267,"received 120,000 KZT on 2026-07-16 from …0331100 and sent 120,250 KZT in 2 transfers over 2026-07-16..2026-07-17 to 2 accounts (within 2%)"
ECH-030,fan_split,100000000331309100,2026-07-03,0.0,100000.0,0,0,4,,100000004278574100 100000004315838100 100000007863304100 100000008438656100,exact,0.3227,"sent 25,000 KZT each to 4 distinct accounts on 2026-07-03, 100,000 KZT in total (exact)"
ECH-031,relay,100000000331309100,2026-07-14,100000.0,100000.0,0,1,1,100000003880331100,100000004889043100,exact,0.3227,"received 100,000 KZT on 2026-07-14 from …0331100 and sent 100,000 KZT the same day to …9043100 (exact)"
ECH-032,relay,100000001857829100,2026-07-21,100000.0,100000.0,0,1,1,100000003880331100,100000003880331100,exact,0.3227,"received 100,000 KZT on 2026-07-21 from …0331100 and sent 100,000 KZT the same day back to …0331100 (exact)"
ECH-033,relay,100000003684369100,2026-07-21,100000.0,100000.0,1,1,1,100000008304139100,100000000810551100,exact,0.3227,"received 100,000 KZT on 2026-07-21 from …4139100 and sent 100,000 KZT the next day to …0551100 (exact)"
ECH-034,split,100000003684369100,2026-07-22,100000.0,100000.0,1,1,3,100000003880331100,100000004315838100 100000008628231100 100000008664469100,exact,0.3227,"received 100,000 KZT on 2026-07-22 from …0331100 and sent 100,000 KZT in 3 transfers over 2026-07-22..2026-07-23 to 3 accounts (exact)"
ECH-035,relay,100000004407753100,2026-07-09,100000.0,100000.0,1,1,1,100000007382543100,100000007382543100,exact,0.3227,"received 100,000 KZT on 2026-07-09 from …2543100 and sent 100,000 KZT the next day back to …2543100 (exact)"
ECH-036,relay,100000004906181100,2026-07-05,100000.0,100000.0,0,1,1,100000000331309100,100000008175078100,exact,0.3227,"received 100,000 KZT on 2026-07-05 from …1309100 and sent 100,000 KZT the same day to …5078100 (exact)"
ECH-037,relay,100000008561016100,2026-07-26,100000.0,100000.0,0,1,1,100000008710791100,100000001724740100,exact,0.3227,"received 100,000 KZT on 2026-07-26 from …0791100 and sent 100,000 KZT the same day to …4740100 (exact)"
ECH-038,split,100000008731444100,2026-07-28,150000.0,150967.8,1,1,2,100000004351795100,100000006788200100 100000007138613100,within_2pct,0.3207,"received 150,000 KZT on 2026-07-28 from …1795100 and sent 150,968 KZT in 2 transfers over 2026-07-28..2026-07-29 to 2 accounts (within 2%)"
ECH-039,split,100000000331309100,2026-07-14,130000.0,130515.0,1,1,2,100000001279272100,100000003035737100 100000006126743100,within_2pct,0.3205,"received 130,000 KZT on 2026-07-14 from …9272100 and sent 130,515 KZT in 2 transfers over 2026-07-14..2026-07-15 to 2 accounts (within 2%)"
ECH-040,split,100000004070318100,2026-07-10,90000.0,90000.0,1,1,3,100000000437046100,100000006866783100 100000008346837100 100000008603629100,exact,0.3104,"received 90,000 KZT on 2026-07-10 from …7046100 and sent 90,000 KZT in 5 transfers over 2026-07-10..2026-07-11 to 3 accounts (exact)"
ECH-041,split,100000003016635100,2026-07-06,87000.0,87000.0,0,1,2,100000005287097100,100000001805543100 100000007641183100,exact,0.3067,"received 87,000 KZT on 2026-07-06 from …7097100 and sent 87,000 KZT in 2 transfers over 2026-07-06 to 2 accounts (exact)"
ECH-042,relay,100000008192264100,2026-07-20,162810.0,164420.0,0,1,1,100000000331309100,100000008168850100,within_2pct,0.3029,"received 162,810 KZT on 2026-07-20 from …1309100 and sent 164,420 KZT the same day to …8850100 (within 2%)"
ECH-043,relay,100000003265158100,2026-07-11,80700.0,80700.0,0,1,1,100000008680731100,100000007242833100,exact,0.299,"received 80,700 KZT on 2026-07-11 from …0731100 and sent 80,700 KZT the same day to …2833100 (exact)"
ECH-044,split,100000008561016100,2026-07-25,80000.0,80000.0,1,1,1,100000008710791100,100000001724740100,exact,0.2982,"received 80,000 KZT on 2026-07-25 from …0791100 and sent 80,000 KZT in 2 transfers over 2026-07-25..2026-07-26 to 1 accounts (exact)"
ECH-045,split,100000001073568100,2026-07-13,186980.0,189503.0,0,1,2,100000005933757100,100000000803368100 100000004500444100,within_2pct,0.2976,"received 186,980 KZT on 2026-07-13 from …3757100 and sent 189,503 KZT in 2 transfers over 2026-07-13 to 2 accounts (within 2%)"
ECH-046,split,100000003016635100,2026-07-09,81600.0,81622.0,1,1,2,100000006579678100,100000004408683100 100000004559194100,within_2pct,0.2975,"received 81,600 KZT on 2026-07-09 from …9678100 and sent 81,622 KZT in 2 transfers over 2026-07-09..2026-07-10 to 2 accounts (within 2%)"
ECH-047,split,100000005910114100,2026-07-12,93168.0,92977.0,0,1,3,100000004400305100,100000003747133100 100000008165763100 100000008603629100,within_2pct,0.2936,"received 93,168 KZT on 2026-07-12 from …0305100 and sent 92,977 KZT in 3 transfers over 2026-07-12 to 3 accounts (within 2%)"
ECH-048,split,100000004299488100,2026-07-08,70000.0,70000.0,0,1,1,100000002957787100,100000007055802100,exact,0.2859,"received 70,000 KZT on 2026-07-08 from …7787100 and sent 70,000 KZT in 3 transfers over 2026-07-08 to 1 accounts (exact)"
ECH-049,split,100000007390016100,2026-07-07,70000.0,70000.0,0,1,1,100000008324800100,100000008324800100,exact,0.2859,"received 70,000 KZT on 2026-07-07 from …4800100 and sent 70,000 KZT in 4 transfers over 2026-07-07 to 1 accounts (exact)"
ECH-050,split,100000008324800100,2026-07-16,70000.0,70000.0,1,1,1,100000008304139100,100000007390016100,exact,0.2859,"received 70,000 KZT on 2026-07-16 from …4139100 and sent 70,000 KZT in 4 transfers over 2026-07-16..2026-07-17 to 1 accounts (exact)"
ECH-051,relay,100000001637376100,2026-07-29,116700.0,116000.0,0,1,1,100000000331309100,100000008376785100,within_2pct,0.2823,"received 116,700 KZT on 2026-07-29 from …1309100 and sent 116,000 KZT the same day to …6785100 (within 2%)"
ECH-052,split,100000005910114100,2026-07-10,92009.0,92335.0,0,1,3,100000008346837100,100000002398779100 100000003747133100 100000008525136100,within_2pct,0.2779,"received 92,009 KZT on 2026-07-10 from …6837100 and sent 92,335 KZT in 3 transfers over 2026-07-10 to 3 accounts (within 2%)"
ECH-053,relay,100000000661912100,2026-07-08,70633.0,70700.0,0,1,1,100000008477350100,100000003131016100,within_2pct,0.2773,"received 70,633 KZT on 2026-07-08 from …7350100 and sent 70,700 KZT the same day to …1016100 (within 2%)"
ECH-054,split,100000003635170100,2026-07-30,60000.0,60000.0,0,1,2,100000004209339100,100000002156381100 100000003321423100,exact,0.2736,"received 60,000 KZT on 2026-07-30 from …9339100 and sent 60,000 KZT in 2 transfers over 2026-07-30 to 2 accounts (exact)"
ECH-055,fan_split,100000005933757100,2026-07-18,0.0,60000.0,0,0,3,,100000002546921100 100000004500444100 100000008682426100,exact,0.2736,"sent 20,000 KZT each to 3 distinct accounts on 2026-07-18, 60,000 KZT in total (exact)"
ECH-056,relay,100000006866783100,2026-07-16,60000.0,60000.0,0,1,1,100000004390333100,100000007055802100,exact,0.2736,"received 60,000 KZT on 2026-07-16 from …0333100 and sent 60,000 KZT the same day to …5802100 (exact)"
ECH-057,split,100000008603629100,2026-07-30,59000.0,59000.0,0,1,2,100000008304139100,100000001857829100 100000003711830100,exact,0.2724,"received 59,000 KZT on 2026-07-30 from …4139100 and sent 59,000 KZT in 2 transfers over 2026-07-30 to 2 accounts (exact)"
ECH-058,relay,100000000661912100,2026-07-12,69868.0,70000.0,0,1,1,100000004400305100,100000003131016100,within_2pct,0.267,"received 69,868 KZT on 2026-07-12 from …0305100 and sent 70,000 KZT the same day to …1016100 (within 2%)"
ECH-059,relay,100000001616816100,2026-07-14,53000.0,53000.0,0,1,1,100000001937767100,100000001937767100,exact,0.265,"received 53,000 KZT on 2026-07-14 from …7767100 and sent 53,000 KZT the same day back to …7767100 (exact)"
ECH-060,relay,100000005357705100,2026-07-26,52595.0,52595.0,0,1,1,100000008603629100,100000008337304100,exact,0.2645,"received 52,595 KZT on 2026-07-26 from …3629100 and sent 52,595 KZT the same day to …7304100 (exact)"
ECH-061,fan_split,100000002578405100,2026-07-07,0.0,51600.0,0,0,3,,100000003192309100 100000007022818100 100000008684951100,exact,0.2633,"sent 17,200 KZT each to 3 distinct accounts on 2026-07-07, 51,600 KZT in total (exact)"
ECH-062,relay,100000001102676100,2026-07-26,50000.0,50000.0,0,1,1,100000005612411100,100000003684369100,exact,0.2613,"received 50,000 KZT on 2026-07-26 from …2411100 and sent 50,000 KZT the same day to …4369100 (exact)"
ECH-063,relay,100000003684369100,2026-07-24,50000.0,50000.0,1,1,1,100000008304139100,100000006446271100,exact,0.2613,"received 50,000 KZT on 2026-07-24 from …4139100 and sent 50,000 KZT the next day to …6271100 (exact)"
ECH-064,relay,100000003701161100,2026-07-18,50000.0,50000.0,1,1,1,100000002267998100,100000003718221100,exact,0.2613,"received 50,000 KZT on 2026-07-18 from …7998100 and sent 50,000 KZT the next day to …8221100 (exact)"
ECH-065,relay,100000005519998100,2026-07-19,50000.0,50000.0,1,1,1,100000004017410100,100000004017410100,exact,0.2613,"received 50,000 KZT on 2026-07-19 from …7410100 and sent 50,000 KZT the next day back to …7410100 (exact)"
ECH-066,relay,100000006518161100,2026-07-31,50000.0,50000.0,0,1,1,100000004156082100,100000005660203100,exact,0.2613,"received 50,000 KZT on 2026-07-31 from …6082100 and sent 50,000 KZT the same day to …0203100 (exact)"
ECH-067,split,100000008603629100,2026-07-03,50000.0,50000.0,1,1,2,100000004390333100,100000004071080100 100000008473765100,exact,0.2613,"received 50,000 KZT on 2026-07-03 from …0333100 and sent 50,000 KZT in 2 transfers over 2026-07-03..2026-07-04 to 2 accounts (exact)"
ECH-068,relay,100000008731444100,2026-07-22,50000.0,50000.0,1,1,1,100000004351795100,100000000288317100,exact,0.2613,"received 50,000 KZT on 2026-07-22 from …1795100 and sent 50,000 KZT the next day to …8317100 (exact)"
ECH-069,relay,100000008389800100,2026-07-02,49000.0,49000.0,0,1,1,100000007511163100,100000007511163100,exact,0.2601,"received 49,000 KZT on 2026-07-02 from …1163100 and sent 49,000 KZT the same day back to …1163100 (exact)"
ECH-070,relay,100000005610717100,2026-07-23,48900.0,48900.0,0,1,1,100000000437046100,100000008469048100,exact,0.26,"received 48,900 KZT on 2026-07-23 from …7046100 and sent 48,900 KZT the same day to …9048100 (exact)"
ECH-071,relay,100000007629096100,2026-07-02,48785.0,48785.0,1,1,1,100000005910114100,100000002741024100,exact,0.2599,"received 48,785 KZT on 2026-07-02 from …0114100 and sent 48,785 KZT the next day to …1024100 (exact)"
ECH-072,relay,100000007629096100,2026-07-14,48385.0,48385.0,0,1,1,100000005910114100,100000002741024100,exact,0.2594,"received 48,385 KZT on 2026-07-14 from …0114100 and sent 48,385 KZT the same day to …1024100 (exact)"
ECH-073,split,100000002578405100,2026-07-23,110000.0,109150.0,1,1,4,100000001697501100,100000008749405100 100000008750464100 100000008754747100 100000008754997100,within_2pct,0.2567,"received 110,000 KZT on 2026-07-23 from …7501100 and sent 109,150 KZT in 4 transfers over 2026-07-23..2026-07-24 to 4 accounts (within 2%)"
ECH-074,fan_split,100000008413748100,2026-07-08,0.0,45000.0,0,0,3,,100000002975287100 100000008011573100 100000008560717100,exact,0.2552,"sent 15,000 KZT each to 3 distinct accounts on 2026-07-08, 45,000 KZT in total (exact)"
ECH-075,split,100000002527114100,2026-07-23,65000.0,64814.0,1,1,2,100000001697501100,100000000907277100 100000008749618100,within_2pct,0.2509,"received 65,000 KZT on 2026-07-23 from …7501100 and sent 64,814 KZT in 2 transfers over 2026-07-23..2026-07-24 to 2 accounts (within 2%)"
ECH-076,relay,100000002193259100,2026-07-08,40000.0,40000.0,0,1,1,100000000933075100,100000000933075100,exact,0.2491,"received 40,000 KZT on 2026-07-08 from …3075100 and sent 40,000 KZT the same day back to …3075100 (exact)"
ECH-077,relay,100000007594394100,2026-07-14,40000.0,40000.0,0,1,1,100000008165763100,100000006274203100,exact,0.2491,"received 40,000 KZT on 2026-07-14 from …5763100 and sent 40,000 KZT the same day to …4203100 (exact)"
ECH-078,relay,100000003718221100,2026-07-08,35000.0,35000.0,1,1,1,100000003701161100,100000003701161100,exact,0.2429,"received 35,000 KZT on 2026-07-08 from …1161100 and sent 35,000 KZT the next day back to …1161100 (exact)"
ECH-079,relay,100000003718221100,2026-07-20,35000.0,35000.0,1,1,1,100000003701161100,100000003701161100,exact,0.2429,"received 35,000 KZT on 2026-07-20 from …1161100 and sent 35,000 KZT the next day back to …1161100 (exact)"
ECH-080,relay,100000008111003100,2026-07-18,35000.0,35000.0,0,1,1,100000003796063100,100000003796063100,exact,0.2429,"received 35,000 KZT on 2026-07-18 from …6063100 and sent 35,000 KZT the same day back to …6063100 (exact)"
ECH-081,relay,100000002731501100,2026-07-29,30000.0,30000.0,0,1,1,100000004160650100,100000003031890100,exact,0.2368,"received 30,000 KZT on 2026-07-29 from …0650100 and sent 30,000 KZT the same day to …1890100 (exact)"
ECH-082,relay,100000003942602100,2026-07-09,30000.0,30000.0,0,1,1,100000002527114100,100000002527114100,exact,0.2368,"received 30,000 KZT on 2026-07-09 from …7114100 and sent 30,000 KZT the same day back to …7114100 (exact)"
ECH-083,fan_split,100000006866783100,2026-07-09,0.0,30000.0,0,0,3,,100000001126374100 100000003066385100 100000008665380100,exact,0.2368,"sent 10,000 KZT each to 3 distinct accounts on 2026-07-09, 30,000 KZT in total (exact)"
ECH-084,fan_split,100000006866783100,2026-07-16,0.0,30000.0,0,0,3,,100000000089154100 100000000555721100 100000008560717100,exact,0.2368,"sent 10,000 KZT each to 3 distinct accounts on 2026-07-16, 30,000 KZT in total (exact)"
ECH-085,relay,100000008477350100,2026-07-08,30000.0,30000.0,0,1,1,100000003796063100,100000008560717100,exact,0.2368,"received 30,000 KZT on 2026-07-08 from …6063100 and sent 30,000 KZT the same day to …0717100 (exact)"
ECH-086,split,100000008637537100,2026-07-01,30000.0,30000.0,1,1,1,100000001732159100,100000001732159100,exact,0.2368,"received 30,000 KZT on 2026-07-01 from …2159100 and sent 30,000 KZT in 2 transfers over 2026-07-01..2026-07-02 to 1 accounts (exact)"
ECH-087,relay,100000003265158100,2026-07-30,46800.0,46700.0,0,1,1,100000008636603100,100000004386258100,within_2pct,0.2359,"received 46,800 KZT on 2026-07-30 from …6603100 and sent 46,700 KZT the same day to …6258100 (within 2%)"
ECH-088,split,100000008603629100,2026-07-27,100000.0,100889.0,1,1,2,100000003880331100,100000003366471100 100000006788200100,within_2pct,0.2349,"received 100,000 KZT on 2026-07-27 from …0331100 and sent 100,889 KZT in 2 transfers over 2026-07-27..2026-07-28 to 2 accounts (within 2%)"
ECH-089,split,100000004400305100,2026-07-23,105000.0,106000.0,1,1,2,100000008748914100,100000001066017100 100000001126374100,within_2pct,0.2348,"received 105,000 KZT on 2026-07-23 from …8914100 and sent 106,000 KZT in 2 transfers over 2026-07-23..2026-07-24 to 2 accounts (within 2%)"
ECH-090,relay,100000008493007100,2026-07-28,26150.0,26150.0,1,1,1,100000002578405100,100000005685783100,exact,0.2321,"received 26,150 KZT on 2026-07-28 from …8405100 and sent 26,150 KZT the next day to …5783100 (exact)"
ECH-091,relay,100000006518161100,2026-07-22,25900.0,25900.0,0,1,1,100000003016635100,100000005660203100,exact,0.2318,"received 25,900 KZT on 2026-07-22 from …6635100 and sent 25,900 KZT the same day to …0203100 (exact)"
ECH-092,relay,100000008757369100,2026-07-26,25961.0,25960.0,0,1,1,100000000437046100,100000008757301100,within_2pct,0.2315,"received 25,961 KZT on 2026-07-26 from …7046100 and sent 25,960 KZT the same day to …7301100 (within 2%)"
ECH-093,relay,100000002527114100,2026-07-04,25000.0,25000.0,0,1,1,100000001697501100,100000001697501100,exact,0.2307,"received 25,000 KZT on 2026-07-04 from …7501100 and sent 25,000 KZT the same day back to …7501100 (exact)"
ECH-094,relay,100000008213966100,2026-07-03,23000.0,23000.0,0,1,1,100000004707703100,100000000838385100,exact,0.2282,"received 23,000 KZT on 2026-07-03 from …7703100 and sent 23,000 KZT the same day to …8385100 (exact)"
ECH-095,relay,100000006866783100,2026-07-12,22000.0,22000.0,0,1,1,100000000089154100,100000004299488100,exact,0.227,"received 22,000 KZT on 2026-07-12 from …9154100 and sent 22,000 KZT the same day to …9488100 (exact)"
ECH-096,split,100000000437046100,2026-07-19,75500.0,75000.0,1,1,2,100000004351795100,100000004299488100 100000007055802100,within_2pct,0.2258,"received 75,500 KZT on 2026-07-19 from …1795100 and sent 75,000 KZT in 2 transfers over 2026-07-19..2026-07-20 to 2 accounts (within 2%)"
ECH-097,split,100000001872484100,2026-07-16,50000.0,50180.0,1,1,2,100000008601794100,100000002459163100 100000008601794100,within_2pct,0.2256,"received 50,000 KZT on 2026-07-16 from …1794100 and sent 50,180 KZT in 2 transfers over 2026-07-16..2026-07-17 to 2 accounts (within 2%)"
ECH-098,relay,100000008106997100,2026-07-22,20600.0,20600.0,0,1,1,100000000089154100,100000006844004100,exact,0.2253,"received 20,600 KZT on 2026-07-22 from …9154100 and sent 20,600 KZT the same day to …4004100 (exact)"
ECH-099,relay,100000001445848100,2026-07-06,20000.0,20000.0,1,1,1,100000002217161100,100000002217161100,exact,0.2245,"received 20,000 KZT on 2026-07-06 from …7161100 and sent 20,000 KZT the next day back to …7161100 (exact)"
ECH-100,split,100000001732159100,2026-07-13,20000.0,20000.0,1,1,1,100000008637537100,100000008314203100,exact,0.2245,"received 20,000 KZT on 2026-07-13 from …7537100 and sent 20,000 KZT in 2 transfers over 2026-07-13..2026-07-14 to 1 accounts (exact)"
ECH-101,relay,100000002731501100,2026-07-27,20000.0,20000.0,1,1,1,100000004160650100,100000004160650100,exact,0.2245,"received 20,000 KZT on 2026-07-27 from …0650100 and sent 20,000 KZT the next day back to …0650100 (exact)"
ECH-102,relay,100000004159526100,2026-07-08,20000.0,20000.0,1,1,1,100000002132479100,100000002132479100,exact,0.2245,"received 20,000 KZT on 2026-07-08 from …2479100 and sent 20,000 KZT the next day back to …2479100 (exact)"
ECH-103,relay,100000005704413100,2026-07-13,20000.0,20000.0,1,1,1,100000008104567100,100000008379273100,exact,0.2245,"received 20,000 KZT on 2026-07-13 from …4567100 and sent 20,000 KZT the next day to …9273100 (exact)"
ECH-104,relay,100000006866783100,2026-07-08,20000.0,20000.0,1,1,1,100000008304139100,100000004071080100,exact,0.2245,"received 20,000 KZT on 2026-07-08 from …4139100 and sent 20,000 KZT the next day to …1080100 (exact)"
ECH-105,relay,100000006866783100,2026-07-14,20000.0,20000.0,0,1,1,100000008632060100,100000008221543100,exact,0.2245,"received 20,000 KZT on 2026-07-14 from …2060100 and sent 20,000 KZT the same day to …1543100 (exact)"
ECH-106,relay,100000008730846100,2026-07-19,20000.0,20000.0,0,1,1,100000008632060100,100000003115284100,exact,0.2245,"received 20,000 KZT on 2026-07-19 from …2060100 and sent 20,000 KZT the same day to …5284100 (exact)"
ECH-107,split,100000004299488100,2026-07-11,100000.0,101000.0,1,1,1,100000006866783100,100000007055802100,within_2pct,0.2239,"received 100,000 KZT on 2026-07-11 from …6783100 and sent 101,000 KZT in 3 transfers over 2026-07-11..2026-07-12 to 1 accounts (within 2%)"
ECH-108,relay,100000005363908100,2026-07-06,19500.0,19500.0,0,1,1,100000008575624100,100000005546031100,exact,0.2239,"received 19,500 KZT on 2026-07-06 from …5624100 and sent 19,500 KZT the same day to …6031100 (exact)"
ECH-109,relay,100000003242289100,2026-07-15,101000.0,100000.0,0,1,1,100000008512552100,100000007653003100,within_2pct,0.2237,"received 101,000 KZT on 2026-07-15 from …2552100 and sent 100,000 KZT the same day to …3003100 (within 2%)"
ECH-110,relay,100000000785800100,2026-07-31,19000.0,19000.0,0,1,1,100000001872484100,100000008601794100,exact,0.2233,"received 19,000 KZT on 2026-07-31 from …2484100 and sent 19,000 KZT the same day to …1794100 (exact)"
ECH-111,split,100000006866783100,2026-07-01,95500.0,94604.0,0,1,2,100000008587459100,100000002214301100 100000002306369100,within_2pct,0.2223,"received 95,500 KZT on 2026-07-01 from …7459100 and sent 94,604 KZT in 2 transfers over 2026-07-01 to 2 accounts (within 2%)"
ECH-112,relay,100000000850297100,2026-07-19,17520.0,17520.0,0,1,1,100000006707582100,100000006707582100,exact,0.2215,"received 17,520 KZT on 2026-07-19 from …7582100 and sent 17,520 KZT the same day back to …7582100 (exact)"
ECH-113,split,100000005578559100,2026-07-06,51000.0,50785.0,1,1,2,100000004569484100,100000000955529100 100000001280798100,within_2pct,0.2202,"received 51,000 KZT on 2026-07-06 from …9484100 and sent 50,785 KZT in 2 transfers over 2026-07-06..2026-07-07 to 2 accounts (within 2%)"
ECH-114,relay,100000001445848100,2026-07-10,15000.0,15000.0,0,1,1,100000002217161100,100000002217161100,exact,0.2184,"received 15,000 KZT on 2026-07-10 from …7161100 and sent 15,000 KZT the same day back to …7161100 (exact)"
ECH-115,relay,100000001732159100,2026-07-07,15000.0,15000.0,0,1,1,100000008637537100,100000008637537100,exact,0.2184,"received 15,000 KZT on 2026-07-07 from …7537100 and sent 15,000 KZT the same day back to …7537100 (exact)"
ECH-116,relay,100000002612809100,2026-07-27,15000.0,15000.0,1,1,1,100000005507142100,100000005507142100,exact,0.2184,"received 15,000 KZT on 2026-07-27 from …7142100 and sent 15,000 KZT the next day back to …7142100 (exact)"
ECH-117,relay,100000002781227100,2026-07-12,15000.0,15000.0,0,1,1,100000002796853100,100000002796853100,exact,0.2184,"received 15,000 KZT on 2026-07-12 from …6853100 and sent 15,000 KZT the same day back to …6853100 (exact)"
ECH-118,relay,100000006866783100,2026-07-14,15000.0,15000.0,0,1,1,100000008304139100,100000000961900100,exact,0.2184,"received 15,000 KZT on 2026-07-14 from …4139100 and sent 15,000 KZT the same day to …1900100 (exact)"
ECH-119,relay,100000008637537100,2026-07-09,15000.0,15000.0,1,1,1,100000008314203100,100000001732159100,exact,0.2184,"received 15,000 KZT on 2026-07-09 from …4203100 and sent 15,000 KZT the next day to …2159100 (exact)"
ECH-120,relay,100000002645993100,2026-07-07,14000.0,14000.0,0,1,1,100000002957787100,100000002398779100,exact,0.2172,"received 14,000 KZT on 2026-07-07 from …7787100 and sent 14,000 KZT the same day to …8779100 (exact)"
ECH-121,relay,100000002781227100,2026-07-19,14000.0,14000.0,0,1,1,100000002796853100,100000002796853100,exact,0.2172,"received 14,000 KZT on 2026-07-19 from …6853100 and sent 14,000 KZT the same day back to …6853100 (exact)"
ECH-122,relay,100000005367284100,2026-07-07,13700.0,13700.0,0,1,1,100000008477350100,100000001270470100,exact,0.2168,"received 13,700 KZT on 2026-07-07 from …7350100 and sent 13,700 KZT the same day to …0470100 (exact)"
ECH-123,relay,100000005610717100,2026-07-27,13700.0,13700.0,0,1,1,100000004400305100,100000008469048100,exact,0.2168,"received 13,700 KZT on 2026-07-27 from …0305100 and sent 13,700 KZT the same day to …9048100 (exact)"
ECH-124,relay,100000008636603100,2026-07-02,12750.0,12750.0,0,1,1,100000000667713100,100000000667713100,exact,0.2156,"received 12,750 KZT on 2026-07-02 from …7713100 and sent 12,750 KZT the same day back to …7713100 (exact)"
ECH-125,relay,100000006866783100,2026-07-08,12000.0,12000.0,1,1,1,100000001660397100,100000000961900100,exact,0.2147,"received 12,000 KZT on 2026-07-08 from …0397100 and sent 12,000 KZT the next day to …1900100 (exact)"
ECH-126,relay,100000002645993100,2026-07-07,11700.0,11700.0,0,1,1,100000004400305100,100000002398779100,exact,0.2144,"received 11,700 KZT on 2026-07-07 from …0305100 and sent 11,700 KZT the same day to …8779100 (exact)"
ECH-127,split,100000004156082100,2026-07-31,45000.0,44817.0,0,1,3,100000005287097100,100000001138376100 100000003927792100 100000005287097100,within_2pct,0.2143,"received 45,000 KZT on 2026-07-31 from …7097100 and sent 44,817 KZT in 3 transfers over 2026-07-31 to 3 accounts (within 2%)"
ECH-128,relay,100000002394199100,2026-07-13,77398.0,76777.0,0,1,1,100000001677929100,100000001677929100,within_2pct,0.214,"received 77,398 KZT on 2026-07-13 from …7929100 and sent 76,777 KZT the same day back to …7929100 (within 2%)"
ECH-129,split,100000002645993100,2026-07-07,10500.0,10500.0,0,1,2,100000004400305100,100000000332284100 100000003741418100,exact,0.2129,"received 10,500 KZT on 2026-07-07 from …0305100 and sent 10,500 KZT in 2 transfers over 2026-07-07 to 2 accounts (exact)"
ECH-130,split,100000003016635100,2026-07-04,46000.0,46202.0,1,1,3,100000005287097100,100000002793851100 100000004206046100 100000004948177100,within_2pct,0.2128,"received 46,000 KZT on 2026-07-04 from …7097100 and sent 46,202 KZT in 3 transfers over 2026-07-04..2026-07-05 to 3 accounts (within 2%)"
ECH-131,split,100000002578405100,2026-07-28,41509.0,41350.0,1,1,2,100000005041905100,100000002373386100 100000008767950100,within_2pct,0.2124,"received 41,509 KZT on 2026-07-28 from …1905100 and sent 41,350 KZT in 2 transfers over 2026-07-28..2026-07-29 to 2 accounts (within 2%)"
ECH-132,relay,100000002175422100,2026-07-23,10000.0,10000.0,1,1,1,100000003557488100,100000003557488100,exact,0.2123,"received 10,000 KZT on 2026-07-23 from …7488100 and sent 10,000 KZT the next day back to …7488100 (exact)"
ECH-133,relay,100000002293421100,2026-07-17,10000.0,10000.0,1,1,1,100000004180097100,100000004180097100,exact,0.2123,"received 10,000 KZT on 2026-07-17 from …0097100 and sent 10,000 KZT the next day back to …0097100 (exact)"
ECH-134,relay,100000003390036100,2026-07-05,10000.0,10000.0,0,1,1,100000003115284100,100000005873152100,exact,0.2123,"received 10,000 KZT on 2026-07-05 from …5284100 and sent 10,000 KZT the same day to …3152100 (exact)"
ECH-135,relay,100000003557488100,2026-07-16,10000.0,10000.0,0,1,1,100000002175422100,100000002175422100,exact,0.2123,"received 10,000 KZT on 2026-07-16 from …5422100 and sent 10,000 KZT the same day back to …5422100 (exact)"
ECH-136,relay,100000004005964100,2026-07-12,10000.0,10000.0,0,1,1,100000003616818100,100000002731501100,exact,0.2123,"received 10,000 KZT on 2026-07-12 from …6818100 and sent 10,000 KZT the same day to …1501100 (exact)"
ECH-137,relay,100000004005964100,2026-07-16,10000.0,10000.0,1,1,1,100000004007116100,100000004007116100,exact,0.2123,"received 10,000 KZT on 2026-07-16 from …7116100 and sent 10,000 KZT the next day back to …7116100 (exact)"
ECH-138,relay,100000004076740100,2026-07-06,10000.0,10000.0,1,1,1,100000005519998100,100000005932987100,exact,0.2123,"received 10,000 KZT on 2026-07-06 from …9998100 and sent 10,000 KZT the next day to …2987100 (exact)"
ECH-139,relay,100000004386258100,2026-07-30,10000.0,10000.0,0,1,1,100000003917461100,100000003917461100,exact,0.2123,"received 10,000 KZT on 2026-07-30 from …7461100 and sent 10,000 KZT the same day back to …7461100 (exact)"
ECH-140,relay,100000005074393100,2026-07-23,10000.0,10000.0,1,1,1,100000005882013100,100000005882013100,exact,0.2123,"received 10,000 KZT on 2026-07-23 from …2013100 and sent 10,000 KZT the next day back to …2013100 (exact)"
ECH-141,relay,100000005186131100,2026-07-07,10000.0,10000.0,0,1,1,100000004400305100,100000006171671100,exact,0.2123,"received 10,000 KZT on 2026-07-07 from …0305100 and sent 10,000 KZT the same day to …1671100 (exact)"
ECH-142,relay,100000006866783100,2026-07-05,10000.0,10000.0,0,1,1,100000007639767100,100000002809568100,exact,0.2123,"received 10,000 KZT on 2026-07-05 from …9767100 and sent 10,000 KZT the same day to …9568100 (exact)"
ECH-143,relay,100000007593823100,2026-07-19,10000.0,10000.0,1,1,1,100000004400305100,100000008730846100,exact,0.2123,"received 10,000 KZT on 2026-07-19 from …0305100 and sent 10,000 KZT the next day to …0846100 (exact)"
ECH-144,relay,100000008314203100,2026-07-14,10000.0,10000.0,1,1,1,100000001732159100,100000008637537100,exact,0.2123,"received 10,000 KZT on 2026-07-14 from …2159100 and sent 10,000 KZT the next day to …7537100 (exact)"
ECH-145,relay,100000008314203100,2026-07-14,10000.0,10000.0,1,1,1,100000001732159100,100000008637537100,exact,0.2123,"received 10,000 KZT on 2026-07-14 from …2159100 and sent 10,000 KZT the next day to …7537100 (exact)"
ECH-146,relay,100000008637537100,2026-07-01,10000.0,10000.0,1,1,1,100000008314203100,100000001732159100,exact,0.2123,"received 10,000 KZT on 2026-07-01 from …4203100 and sent 10,000 KZT the next day to …2159100 (exact)"
ECH-147,split,100000008389800100,2026-07-09,120000.0,118400.0,1,1,2,100000006579678100,100000003321895100 100000004664905100,within_2pct,0.2119,"received 120,000 KZT on 2026-07-09 from …9678100 and sent 118,400 KZT in 2 transfers over 2026-07-09..2026-07-10 to 2 accounts (within 2%)"
ECH-148,relay,100000006641671100,2026-07-11,9000.0,9000.0,0,1,1,100000005834479100,100000008097580100,exact,0.211,"received 9,000 KZT on 2026-07-11 from …4479100 and sent 9,000 KZT the same day to …7580100 (exact)"
ECH-149,relay,100000002214664100,2026-07-30,7950.0,7950.0,0,1,1,100000002578405100,100000008778010100,exact,0.2098,"received 7,950 KZT on 2026-07-30 from …8405100 and sent 7,950 KZT the same day to …8010100 (exact)"
ECH-150,relay,100000002957787100,2026-07-02,7000.0,7000.0,0,1,1,100000005268319100,100000001229743100,exact,0.2086,"received 7,000 KZT on 2026-07-02 from …8319100 and sent 7,000 KZT the same day to …9743100 (exact)"
ECH-151,relay,100000008748914100,2026-07-26,7000.0,7000.0,1,1,1,100000004723755100,100000004592467100,exact,0.2086,"received 7,000 KZT on 2026-07-26 from …3755100 and sent 7,000 KZT the next day to …2467100 (exact)"
ECH-152,relay,100000003016635100,2026-07-06,6000.0,6000.0,0,1,1,100000005287097100,100000007281639100,exact,0.2074,"received 6,000 KZT on 2026-07-06 from …7097100 and sent 6,000 KZT the same day to …1639100 (exact)"
ECH-153,relay,100000003016635100,2026-07-14,6000.0,6000.0,1,1,1,100000005287097100,100000007442518100,exact,0.2074,"received 6,000 KZT on 2026-07-14 from …7097100 and sent 6,000 KZT the next day to …2518100 (exact)"
ECH-154,relay,100000004071070100,2026-07-13,6000.0,6000.0,1,1,1,100000004071080100,100000004071080100,exact,0.2074,"received 6,000 KZT on 2026-07-13 from …1080100 and sent 6,000 KZT the next day back to …1080100 (exact)"
ECH-155,relay,100000004180097100,2026-07-24,6000.0,6000.0,0,1,1,100000004765639100,100000002293421100,exact,0.2074,"received 6,000 KZT on 2026-07-24 from …5639100 and sent 6,000 KZT the same day to …3421100 (exact)"
ECH-156,relay,100000000274067100,2026-07-23,5000.0,5000.0,0,1,1,100000002958343100,100000006490557100,exact,0.2061,"received 5,000 KZT on 2026-07-23 from …8343100 and sent 5,000 KZT the same day to …0557100 (exact)"
ECH-157,relay,100000000490383100,2026-07-06,5000.0,5000.0,0,1,1,100000002938501100,100000002600345100,exact,0.2061,"received 5,000 KZT on 2026-07-06 from …8501100 and sent 5,000 KZT the same day to …0345100 (exact)"
ECH-158,relay,100000002156381100,2026-07-14,5000.0,5000.0,1,1,1,100000002696152100,100000002696152100,exact,0.2061,"received 5,000 KZT on 2026-07-14 from …6152100 and sent 5,000 KZT the next day back to …6152100 (exact)"
ECH-159,relay,100000002293421100,2026-07-31,5000.0,5000.0,0,1,1,100000004180097100,100000004180097100,exact,0.2061,"received 5,000 KZT on 2026-07-31 from …0097100 and sent 5,000 KZT the same day back to …0097100 (exact)"
ECH-160,relay,100000002398779100,2026-07-08,5000.0,5000.0,1,1,1,100000007593823100,100000008576243100,exact,0.2061,"received 5,000 KZT on 2026-07-08 from …3823100 and sent 5,000 KZT the next day to …6243100 (exact)"
ECH-161,relay,100000003016635100,2026-07-19,5000.0,5000.0,1,1,1,100000005287097100,100000000667713100,exact,0.2061,"received 5,000 KZT on 2026-07-19 from …7097100 and sent 5,000 KZT the next day to …7713100 (exact)"
ECH-162,relay,100000004017410100,2026-07-19,5000.0,5000.0,0,1,1,100000005519998100,100000004336312100,exact,0.2061,"received 5,000 KZT on 2026-07-19 from …9998100 and sent 5,000 KZT the same day to …6312100 (exact)"
ECH-163,relay,100000004692798100,2026-07-23,5000.0,5000.0,0,1,1,100000000831684100,100000000831684100,exact,0.2061,"received 5,000 KZT on 2026-07-23 from …1684100 and sent 5,000 KZT the same day back to …1684100 (exact)"
ECH-164,relay,100000005367445100,2026-07-22,5000.0,5000.0,1,1,1,100000005413948100,100000005413948100,exact,0.2061,"received 5,000 KZT on 2026-07-22 from …3948100 and sent 5,000 KZT the next day back to …3948100 (exact)"
ECH-165,relay,100000008346837100,2026-07-20,5000.0,5000.0,1,1,1,100000008379273100,100000007593823100,exact,0.2061,"received 5,000 KZT on 2026-07-20 from …9273100 and sent 5,000 KZT the next day to …3823100 (exact)"
ECH-166,relay,100000008546855100,2026-07-27,5000.0,5000.0,0,1,1,100000007689942100,100000008582730100,exact,0.2061,"received 5,000 KZT on 2026-07-27 from …9942100 and sent 5,000 KZT the same day to …2730100 (exact)"
ECH-167,relay,100000008546855100,2026-07-27,5000.0,5000.0,1,1,1,100000008582730100,100000007689942100,exact,0.2061,"received 5,000 KZT on 2026-07-27 from …2730100 and sent 5,000 KZT the next day to …9942100 (exact)"
ECH-168,relay,100000003684369100,2026-07-25,39800.0,40000.0,1,1,1,100000004351795100,100000003877908100,within_2pct,0.1988,"received 39,800 KZT on 2026-07-25 from …1795100 and sent 40,000 KZT the next day to …7908100 (within 2%)"
ECH-169,relay,100000004770073100,2026-07-02,5462.4,5466.97,0,1,1,100000002957787100,100000005293969100,within_2pct,0.1983,"received 5,462 KZT on 2026-07-02 from …7787100 and sent 5,467 KZT the same day to …3969100 (within 2%)"
ECH-170,split,100000006866783100,2026-07-04,30000.0,30127.0,1,1,1,100000008304139100,100000004737477100,within_2pct,0.1946,"received 30,000 KZT on 2026-07-04 from …4139100 and sent 30,127 KZT in 2 transfers over 2026-07-04..2026-07-05 to 1 accounts (within 2%)"
ECH-171,relay,100000002645993100,2026-07-07,13450.0,13480.0,0,1,1,100000004400305100,100000008413748100,within_2pct,0.1942,"received 13,450 KZT on 2026-07-07 from …0305100 and sent 13,480 KZT the same day to …3748100 (within 2%)"
ECH-172,split,100000004400305100,2026-07-23,20000.0,20061.0,0,1,2,100000004140487100,100000004325327100 100000005048668100,within_2pct,0.1941,"received 20,000 KZT on 2026-07-23 from …0487100 and sent 20,061 KZT in 2 transfers over 2026-07-23 to 2 accounts (within 2%)"
ECH-173,relay,100000001732159100,2026-07-13,153000.0,150000.0,0,1,1,100000008637537100,100000003404627100,within_2pct,0.188,"received 153,000 KZT on 2026-07-13 from …7537100 and sent 150,000 KZT the same day to …4627100 (within 2%)"
ECH-174,split,100000008603629100,2026-07-27,100000.0,101407.0,1,1,3,100000003880331100,100000000661912100 100000003528285100 100000004336228100,within_2pct,0.1837,"received 100,000 KZT on 2026-07-27 from …0331100 and sent 101,407 KZT in 4 transfers over 2026-07-27..2026-07-28 to 3 accounts (within 2%)"
ECH-175,relay,100000000661912100,2026-07-20,71224.0,72000.0,0,1,1,100000008603629100,100000003131016100,within_2pct,0.1794,"received 71,224 KZT on 2026-07-20 from …3629100 and sent 72,000 KZT the same day to …1016100 (within 2%)"
ECH-176,split,100000000331309100,2026-07-09,59435.0,60000.0,1,1,2,100000004403675100,100000003044431100 100000003814002100,within_2pct,0.1786,"received 59,435 KZT on 2026-07-09 from …3675100 and sent 60,000 KZT in 2 transfers over 2026-07-09..2026-07-10 to 2 accounts (within 2%)"
ECH-177,split,100000003016635100,2026-07-05,34700.0,34963.0,0,1,3,100000008636603100,100000000667713100 100000002592567100 100000007511163100,within_2pct,0.1671,"received 34,700 KZT on 2026-07-05 from …6603100 and sent 34,963 KZT in 3 transfers over 2026-07-05 to 3 accounts (within 2%)"
ECH-178,relay,100000005339662100,2026-07-29,25164.0,25000.0,0,1,1,100000004156082100,100000004820260100,within_2pct,0.1655,"received 25,164 KZT on 2026-07-29 from …6082100 and sent 25,000 KZT the same day to …0260100 (within 2%)"
ECH-179,split,100000004070318100,2026-07-09,34725.0,35000.0,0,1,2,100000006866783100,100000003741418100 100000006866783100,within_2pct,0.1638,"received 34,725 KZT on 2026-07-09 from …6783100 and sent 35,000 KZT in 2 transfers over 2026-07-09 to 2 accounts (within 2%)"
ECH-180,split,100000002957787100,2026-07-04,28770.0,28550.0,1,1,3,100000005910114100,100000004071080100 100000004662806100 100000005268319100,within_2pct,0.1586,"received 28,770 KZT on 2026-07-04 from …0114100 and sent 28,550 KZT in 3 transfers over 2026-07-04..2026-07-05 to 3 accounts (within 2%)"
ECH-181,relay,100000007594394100,2026-07-11,40385.0,40000.0,0,1,1,100000000437046100,100000006274203100,within_2pct,0.1537,"received 40,385 KZT on 2026-07-11 from …7046100 and sent 40,000 KZT the same day to …4203100 (within 2%)"
ECH-182,split,100000004070318100,2026-07-09,30000.0,29749.0,1,1,3,100000006866783100,100000002398779100 100000003747133100 100000008094734100,within_2pct,0.1528,"received 30,000 KZT on 2026-07-09 from …6783100 and sent 29,749 KZT in 3 transfers over 2026-07-09..2026-07-10 to 3 accounts (within 2%)"
ECH-183,split,100000004140487100,2026-07-19,24510.0,24700.0,0,1,2,100000003242289100,100000003249054100 100000008730846100,within_2pct,0.1528,"received 24,510 KZT on 2026-07-19 from …2289100 and sent 24,700 KZT in 3 transfers over 2026-07-19 to 2 accounts (within 2%)"
ECH-184,relay,100000008680912100,2026-07-10,6026.0,5990.85,1,1,1,100000002741024100,100000002741024100,within_2pct,0.149,"received 6,026 KZT on 2026-07-10 from …1024100 and sent 5,991 KZT the next day back to …1024100 (within 2%)"
ECH-185,relay,100000003242289100,2026-07-19,47500.0,46977.0,0,1,1,100000008512552100,100000002301828100,within_2pct,0.1475,"received 47,500 KZT on 2026-07-19 from …2552100 and sent 46,977 KZT the same day to …1828100 (within 2%)"
ECH-186,split,100000008304139100,2026-07-22,93570.0,92000.0,1,1,2,100000003242289100,100000001703168100 100000008603629100,within_2pct,0.1451,"received 93,570 KZT on 2026-07-22 from …2289100 and sent 92,000 KZT in 2 transfers over 2026-07-22..2026-07-23 to 2 accounts (within 2%)"
ECH-187,split,100000004188160100,2026-07-22,17860.0,18000.0,0,1,1,100000003016635100,100000003016635100,within_2pct,0.1437,"received 17,860 KZT on 2026-07-22 from …6635100 and sent 18,000 KZT in 2 transfers over 2026-07-22 to 1 accounts (within 2%)"
ECH-188,split,100000004400305100,2026-07-20,20000.0,20165.0,1,1,2,100000008632060100,100000002435265100 100000003218308100,within_2pct,0.1422,"received 20,000 KZT on 2026-07-20 from …2060100 and sent 20,165 KZT in 2 transfers over 2026-07-20..2026-07-21 to 2 accounts (within 2%)"
ECH-189,split,100000006866783100,2026-07-15,44000.0,44500.0,1,1,3,100000008304139100,100000000089154100 100000008443341100 100000008560717100,within_2pct,0.141,"received 44,000 KZT on 2026-07-15 from …4139100 and sent 44,500 KZT in 3 transfers over 2026-07-15..2026-07-16 to 3 accounts (within 2%)"
ECH-190,relay,100000006866783100,2026-07-04,34634.0,35000.0,1,1,1,100000005910114100,100000008560717100,within_2pct,0.1373,"received 34,634 KZT on 2026-07-04 from …0114100 and sent 35,000 KZT the next day to …0717100 (within 2%)"
ECH-191,relay,100000006385877100,2026-07-15,5038.62,5000.0,0,1,1,100000006443391100,100000006443391100,within_2pct,0.1295,"received 5,039 KZT on 2026-07-15 from …3391100 and sent 5,000 KZT the same day back to …3391100 (within 2%)"
ECH-192,split,100000006866783100,2026-07-11,50680.0,49972.0,1,1,3,100000005910114100,100000003235780100 100000007639767100 100000008686313100,within_2pct,0.1216,"received 50,680 KZT on 2026-07-11 from …0114100 and sent 49,972 KZT in 3 transfers over 2026-07-11..2026-07-12 to 3 accounts (within 2%)"
ECH-193,relay,100000003016635100,2026-07-07,23000.0,23250.0,0,1,1,100000005287097100,100000000440392100,within_2pct,0.1198,"received 23,000 KZT on 2026-07-07 from …7097100 and sent 23,250 KZT the same day to …0392100 (within 2%)"
ECH-194,relay,100000003016635100,2026-07-08,40000.0,40545.0,0,1,1,100000005287097100,100000004790991100,within_2pct,0.1135,"received 40,000 KZT on 2026-07-08 from …7097100 and sent 40,545 KZT the same day to …0991100 (within 2%)"
ECH-195,relay,100000000661912100,2026-07-03,25311.0,25000.0,0,1,1,100000006866783100,100000003246024100,within_2pct,0.1078,"received 25,311 KZT on 2026-07-03 from …6783100 and sent 25,000 KZT the same day to …6024100 (within 2%)"
ECH-196,split,100000003684369100,2026-07-16,49500.0,48746.0,1,1,2,100000000089154100,100000005133757100 100000005852946100,within_2pct,0.1075,"received 49,500 KZT on 2026-07-16 from …9154100 and sent 48,746 KZT in 2 transfers over 2026-07-16..2026-07-17 to 2 accounts (within 2%)"
ECH-197,relay,100000008346837100,2026-07-20,25000.0,25361.0,0,1,1,100000004569484100,100000004004621100,within_2pct,0.0867,"received 25,000 KZT on 2026-07-20 from …9484100 and sent 25,361 KZT the same day to …4621100 (within 2%)"
ECH-198,split,100000008460102100,2026-07-25,17500.0,17750.0,1,1,2,100000001287955100,100000002876914100 100000002986245100,within_2pct,0.0789,"received 17,500 KZT on 2026-07-25 from …7955100 and sent 17,750 KZT in 2 transfers over 2026-07-25..2026-07-26 to 2 accounts (within 2%)"
ECH-199,relay,100000002957787100,2026-07-02,8000.0,8104.99,0,1,1,100000005268319100,100000003582677100,within_2pct,0.0787,"received 8,000 KZT on 2026-07-02 from …8319100 and sent 8,105 KZT the same day to …2677100 (within 2%)"
ECH-200,relay,100000008603629100,2026-07-21,22000.0,22351.0,0,1,1,100000004847758100,100000004975919100,within_2pct,0.0679,"received 22,000 KZT on 2026-07-21 from …7758100 and sent 22,351 KZT the same day to …5919100 (within 2%)"
ECH-201,relay,100000006866783100,2026-07-12,19000.0,19300.0,0,1,1,100000008304139100,100000001660397100,within_2pct,0.0658,"received 19,000 KZT on 2026-07-12 from …4139100 and sent 19,300 KZT the same day to …0397100 (within 2%)"
ECH-202,relay,100000003684369100,2026-07-24,51000.0,50000.0,0,1,1,100000004358004100,100000001194266100,within_2pct,0.0653,"received 51,000 KZT on 2026-07-24 from …8004100 and sent 50,000 KZT the same day to …4266100 (within 2%)"
ECH-203,split,100000003809101100,2026-07-12,10000.0,10200.0,1,1,1,100000008254069100,100000008254069100,within_2pct,0.0125,"received 10,000 KZT on 2026-07-12 from …4069100 and sent 10,200 KZT in 2 transfers over 2026-07-12..2026-07-13 to 1 accounts (within 2%)"
