gid_a,gid_b,a_to_b_kzt,b_to_a_kzt,returned_share,n_tx
100000003509750100,100000004697956100,10000.0,10000.0,1.0,2
100000001526235100,100000005505655100,20000.0,20000.0,1.0,2
100000000850297100,100000006707582100,17520.0,17520.0,1.0,2
100000005367445100,100000005413948100,5000.0,5000.0,1.0,2
100000007689942100,100000008546855100,5000.0,5000.0,1.0,2
100000003917461100,100000004386258100,10000.0,10000.0,1.0,2
100000004508696100,100000005911352100,7000.0,7000.0,1.0,2
100000000201868100,100000006069103100,190000.0,190000.0,1.0,2
100000003701161100,100000003718221100,120000.0,120000.0,1.0,6
100000000076451100,100000007131370100,30000.0,30000.0,1.0,2
100000008389800100,100000008430691100,20000.0,20000.0,1.0,2
100000007511163100,100000008389800100,49000.0,49000.0,1.0,2
100000003299365100,100000003684369100,200000.0,200000.0,1.0,2
100000000667713100,100000008636603100,12750.0,12750.0,1.0,2
100000002527114100,100000003942602100,30000.0,30000.0,1.0,2
100000000933075100,100000002193259100,40000.0,40000.0,1.0,2
100000003001661100,100000007382543100,110000.0,110000.0,1.0,2
100000003796063100,100000008111003100,35000.0,35000.0,1.0,2
100000001616816100,100000001937767100,53000.0,53000.0,1.0,2
100000001439416100,100000002741024100,10000.0,10000.0,1.0,2
100000008546855100,100000008582730100,5000.0,5000.0,1.0,2
100000004017410100,100000005519998100,142000.0,141000.0,0.993,7
100000004221668100,100000005171642100,690600.0,683600.0,0.99,8
100000001382002100,100000005584222100,56500.0,55000.0,0.973,5
100000005037490100,100000008733194100,14000.0,15000.0,0.933,2
100000005048668100,100000008346837100,7000.0,6500.0,0.929,2
100000000011452100,100000005140601100,16685.0,15000.0,0.899,5
100000004017410100,100000004336312100,58915.0,52650.0,0.894,6
100000003616818100,100000004005964100,40000.0,35000.0,0.875,5
100000003741418100,100000006111439100,5720.0,5000.0,0.874,2
100000002267998100,100000003718221100,230000.0,200000.0,0.87,4
100000007593823100,100000008346837100,5800.0,5000.0,0.862,2
100000004070318100,100000004400305100,19800.0,23000.0,0.861,2
100000002738256100,100000004135268100,175000.0,150200.0,0.858,2
100000001899164100,100000002193259100,8000.0,9500.0,0.842,2
100000004569484100,100000005933757100,39000.0,32607.0,0.836,2
100000004180097100,100000004765639100,5000.0,6000.0,0.833,2
100000002723538100,100000008603629100,85000.0,70647.0,0.831,3
100000001049200100,100000003016635100,5000.0,6014.0,0.831,2
100000002957787100,100000005268319100,19712.8,24000.0,0.821,5
100000003946524100,100000007898453100,24750.0,20000.0,0.808,2
100000001660397100,100000006866783100,24000.0,19300.0,0.804,3
100000003616818100,100000004160650100,35100.0,28000.0,0.798,3
100000001808684100,100000003509750100,37700.0,48400.0,0.779,5
100000004390333100,100000006866783100,60000.0,45751.0,0.763,2
100000004070318100,100000006866783100,85000.0,64725.0,0.761,6
100000001380054100,100000006232815100,160000.0,120000.0,0.75,3
100000008603629100,100000008686313100,75693.0,55500.0,0.733,3
100000008443341100,100000008474308100,14000.0,10000.0,0.714,3
100000004475818100,100000005665181100,18498.0,13000.0,0.703,2
100000002812641100,100000002838861100,7023.95,10000.0,0.702,2
100000003988112100,100000004403675100,64000.0,92000.0,0.696,7
100000006385877100,100000006443391100,36602.93,53706.62,0.682,10
100000007390016100,100000008324800100,346500.0,511000.0,0.678,27
100000002132479100,100000004159526100,20000.0,30000.0,0.667,3
100000000031787100,100000000267734100,60000.0,90000.0,0.667,5
100000000580561100,100000003888271100,12177.0,18680.0,0.652,4
100000008193577100,100000008659445100,56190.0,87000.0,0.646,8
100000001445848100,100000002217161100,351850.0,546000.0,0.644,27
100000001616816100,100000004015047100,110500.0,69195.0,0.626,15
100000004569484100,100000005704413100,41000.0,65705.0,0.624,3
100000004759121100,100000006844768100,282000.0,175000.0,0.621,9
100000001697501100,100000002578405100,120000.0,73700.0,0.614,3
100000002293421100,100000004180097100,22000.0,36000.0,0.611,8
100000008547844100,100000008547948100,61000.0,100000.0,0.61,3
100000004847758100,100000008603629100,42000.0,25612.0,0.61,3
100000003635170100,100000004209339100,138500.0,232500.0,0.596,16
100000004820260100,100000005339662100,135850.0,234200.0,0.58,18
100000001677929100,100000001740277100,8700.0,5000.0,0.575,2
100000002391278100,100000004221668100,52700.0,30000.0,0.569,7
100000000297649100,100000001899164100,70600.0,40000.0,0.567,3
100000008748914100,100000008762832100,150000.0,85000.0,0.567,5
100000000437046100,100000007639767100,27868.0,50000.0,0.557,2
100000001872484100,100000008601794100,475400.0,871400.0,0.546,20
100000008193577100,100000008736940100,125990.0,67300.0,0.534,7
100000003016635100,100000006579678100,42930.0,81600.0,0.526,2
100000008736940100,100000008751429100,37500.0,72600.0,0.517,4
100000003809101100,100000008254069100,10200.0,20000.0,0.51,4
100000000791285100,100000008461532100,560000.0,1120000.0,0.5,3
100000004076740100,100000005519998100,20000.0,40000.0,0.5,4
100000002612809100,100000005507142100,15000.0,30000.0,0.5,3
100000005546031100,100000005547096100,8000.0,16300.0,0.491,3
100000001138283100,100000008603629100,40000.0,81805.0,0.489,2
100000002741024100,100000007629096100,360000.0,765205.0,0.47,6
100000003635170100,100000005602999100,5000.0,11000.0,0.455,3
100000000089154100,100000006866783100,22000.0,10000.0,0.455,2
100000002527114100,100000006656003100,20000.0,9000.0,0.45,2
100000003237045100,100000006579678100,150000.0,340200.0,0.441,3
100000004715209100,100000008603331100,11500.0,5000.0,0.435,3
100000006866783100,100000007639767100,23018.0,10000.0,0.434,2
100000005264874100,100000005507142100,13000.0,30000.0,0.433,2
100000004330371100,100000006534886100,71700.0,167500.0,0.428,13
100000002156381100,100000002696152100,21800.0,51000.0,0.427,9
100000002963189100,100000005933757100,1150000.0,490000.0,0.426,6
100000000291906100,100000004670388100,160354.0,380000.0,0.422,3
100000004407753100,100000007382543100,100000.0,250000.0,0.4,5
100000004005964100,100000004007116100,27000.0,10000.0,0.37,3
100000004076740100,100000004467157100,20000.0,7000.0,0.35,4
100000002175422100,100000003004487100,115000.0,40000.0,0.348,8
100000008489922100,100000008547948100,30000.0,87000.0,0.345,2
100000004299488100,100000007055802100,204999.0,605000.0,0.339,16
100000005175148100,100000005339662100,15000.0,5000.0,0.333,2
100000000076451100,100000004629688100,5000.0,15000.0,0.333,3
100000001857829100,100000003880331100,100000.0,300000.0,0.333,4
100000000838385100,100000008213966100,145000.0,436900.0,0.332,13
100000004156082100,100000005287097100,16450.0,50500.0,0.326,3
100000000926766100,100000001526235100,6000.0,18750.0,0.32,2
100000000661912100,100000003131016100,405700.0,126000.0,0.311,11
100000008659445100,100000008736940100,252500.0,77300.0,0.306,8
100000004041163100,100000005382566100,166000.0,50000.0,0.301,5
100000000831684100,100000004692798100,50000.0,15000.0,0.3,5
100000001732159100,100000008314203100,322076.0,95000.0,0.295,11
100000004351795100,100000008603629100,77000.0,22418.0,0.291,2
100000003923946100,100000003977183100,82000.0,282000.0,0.291,4
100000000607941100,100000003406094100,70000.0,20000.0,0.286,5
100000003016635100,100000005287097100,110723.0,392500.0,0.282,29
100000001697501100,100000002527114100,90000.0,25000.0,0.278,3
100000001677929100,100000002394199100,277398.0,76777.0,0.277,4
100000002267998100,100000003701161100,850000.0,220000.0,0.259,11
100000008314203100,100000008637537100,232000.0,60000.0,0.259,12
100000006443391100,100000006912294100,6335.09,25000.0,0.253,2
100000004386258100,100000004386331100,20000.0,5000.0,0.25,2
100000007639767100,100000008603629100,98250.0,23722.0,0.241,5
100000002781227100,100000002796853100,199000.0,46167.62,0.232,13
100000005664922100,100000008686247100,22000.0,5000.0,0.227,3
100000003016635100,100000004188160100,79262.0,18000.0,0.227,6
100000003148220100,100000004971871100,25400.0,5650.0,0.222,4
100000004552204100,100000007322059100,5000.0,22500.0,0.222,3
100000006866783100,100000008686313100,225181.0,48100.0,0.214,6
100000004479404100,100000004717647100,300000.0,1480000.0,0.203,8
100000003016635100,100000004330371100,96671.0,18981.0,0.196,5
100000002870463100,100000005142492100,10000.0,57000.0,0.175,2
100000001732159100,100000008637537100,381890.0,2283100.0,0.167,38
100000004071070100,100000004071080100,6000.0,36000.0,0.167,5
100000001232297100,100000005074393100,30000.0,5000.0,0.167,2
100000006866783100,100000008304139100,23567.0,144000.0,0.164,7
100000003213473100,100000004400305100,9000.0,57500.0,0.157,3
100000001697501100,100000006612238100,160000.0,25000.0,0.156,2
100000002941114100,100000005168487100,15000.0,103510.0,0.145,15
100000001526235100,100000001788284100,8000.0,56000.0,0.143,3
100000006169033100,100000008011159100,346000.0,49000.0,0.142,5
100000004135268100,100000008571433100,150000.0,1064000.0,0.141,3
100000002741024100,100000008680912100,45112.0,5990.85,0.133,3
100000002692750100,100000003636627100,77000.0,10000.0,0.13,9
100000002733905100,100000005342513100,235000.0,30000.0,0.128,3
100000003016635100,100000008169544100,137104.0,17300.0,0.126,5
100000001893287100,100000004698193100,152700.0,18000.0,0.118,17
100000001609499100,100000006866783100,11000.0,93937.0,0.117,2
100000002224132100,100000004603109100,2580000.0,300000.0,0.116,7
100000003886323100,100000007749092100,7650.0,70375.0,0.109,6
100000004544958100,100000004677680100,18000.0,168000.0,0.107,4
100000003242289100,100000008512552100,49000.0,468791.0,0.105,7
100000000274067100,100000002958343100,2900000.0,300000.0,0.103,12
100000003115284100,100000003360542100,307000.0,30500.0,0.099,5
100000008086440100,100000008477350100,18900.0,199733.0,0.095,2
100000005074393100,100000005882013100,120000.0,10000.0,0.083,3
100000000673868100,100000008258083100,149500.0,2030650.0,0.074,17
100000002731501100,100000004160650100,40000.0,550370.0,0.073,7
100000000706545100,100000006901046100,75800.0,5500.0,0.073,4
100000000437046100,100000008293431100,15000.0,215000.0,0.07,3
100000001857829100,100000008603629100,26000.0,408000.0,0.064,3
100000001600934100,100000005140601100,11000.0,180300.0,0.061,3
100000001166289100,100000002733905100,25000.0,482839.0,0.052,2
100000002731501100,100000004007116100,201960.0,10000.0,0.05,4
100000001380054100,100000005077484100,150000.0,7050.0,0.047,2
100000002224132100,100000004892144100,4400000.0,180300.0,0.041,7
100000005660203100,100000006518161100,23000.0,572899.0,0.04,16
100000002175422100,100000003557488100,664992.0,20000.0,0.03,5
100000001965374100,100000005820746100,1989000.0,60000.0,0.03,3
100000005473151100,100000008545727100,30000.0,1060000.0,0.028,2
100000000437046100,100000008686313100,1104983.0,29200.0,0.026,7
100000000594783100,100000002224132100,60000.0,2635000.0,0.023,11
100000005456919100,100000008659445100,5000.0,263950.0,0.019,6
100000002175422100,100000002975437100,530000.0,8500.0,0.016,3
100000000580561100,100000007939160100,795000.0,9300.0,0.012,3
100000002578405100,100000005041905100,5000.0,1080351.0,0.005,6
100000006274203100,100000007594394100,5000.0,3376312.0,0.001,41
